<?xml version="1.0" encoding="UTF-8"?>
<result>
    <head>
	 	<cmd>2070</cmd>
	 		<msg>成功</msg>
	 		<code>0</code>
	 </head>
    <body>
	    <node>
		<id>001</id>
		<location>尚贤楼</location>
        <lat>118.725461</lat>
        <lon>32.210023</lon>
        <city>南京</city>
		<tem>23℃</tem>
		<humid>3.4%RH</humid>
	   <speed>3.6km/h</speed>
	   <created>2016-8-22</created>
		</node>
		 <node>
		<id>002</id>
		<location>网络信息中心</location>
        <lat>118.723691</lat>
        <lon>332.210817</lon>
        <city>南京</city>
		<tem>24℃</tem>
		<humid>3.6%RH</humid>
	   <speed>5.6km/h</speed>
	   <created>2016-8-22</created>
		</node>
		 <node>
		<id>003</id>
		<location>大学教工餐厅</location>
        <lat>118.722676</lat>
        <lon>32.21058</lon>
        <city>南京</city>
		<tem>27℃</tem>
		<humid>5.4%RH</humid>
	   <speed>3.9km/h</speed>
	   <created>2016-8-22</created>
		</node>
		 <node>
		<id>004</id>
		<location>教室楼</location>
        <lat>118.721868</lat>
        <lon>32.210038</lon>
        <city>南京</city>
		<tem>32℃</tem>
		<humid>5.4%RH</humid>
	   <speed>5.8km/h</speed>
	   <created>2016-8-22</created>
		</node>
		 <node>
		<id>005</id>
		<location>图书馆</location>
        <lat>118.720138</lat>
        <lon>32.208403</lon>
        <city>南京</city>
		<tem>22℃</tem>
		<humid>6.1%RH</humid>
	   <speed>4.7km/h</speed>
	   <created>2016-8-22</created>
		</node>
		 <node>
		<id>006</id>
		<location>经济管理学员</location>,
        <lat>118.718144</lat>
        <lon>32.207945</lon>
        <city>南京</city>
		<tem>27℃</tem>
		<humid>8.4%RH</humid>
	   <speed>6.6km/h</speed>
	   <created>2016-8-22</created>
		</node>
		 <node>
		<id>007</id>
		<location>食家庄</location>
        <lat>118.729535</lat>
        <lon>32.210634</lon>
        <city>南京</city>
		<tem>25℃</tem>
		<humid>4.4%RH</humid>
	   <speed>5.3km/h</speed>
	   <created>2016-8-22</created>
		</node>
		 <node>
		<id>008</id>
		<location>体育馆</location>
        <lat>118.731331</lat>
        <lon>32.211474</lon>
        <city>南京</city>
		<tem>27℃</tem>
		<humid>5.4%RH</humid>
	   <speed>6.6km/h</speed>
	   <created>2016-8-22</created>
		</node>
		 <node>
		<id>009</id>
		<location>盘城邮局</location>,
        <lat>118.730765</lat>
        <lon>32.209954</lon>
        <city>南京</city>
		<tem>25℃</tem>
		<humid>3.2%RH</humid>
	   <speed>5.2km/h</speed>
	   <created>2016-8-22</created>
		</node>

    </body>
</result>