<?xml version="1.0" encoding="UTF-8"?>
<result>
	<head>
		<cmd>2070</cmd>
		<msg>成功</msg>
		<code>0</code>
	</head>
	<city>
		<name>北京</name>
		<lat>116.41667</lat>
		<lon>39.91667</lon>
	</city>
	<city>
		<name>南京</name>
		<lat>118.78333</lat>
		<lon>32.05000</lon>
	</city>
	<city>
		<name>上海市</name>
		<lat>121.43333</lat>
		<lon>34.50000</lon>
	</city>
	<city>
		<name>广州</name>
		<lat>113.23333</lat>
		<lon>23.16667</lon>
	</city>
	<city>
		<name>杭州</name>
		<lat>120.20000</lat>
		<lon>30.26667</lon>
	</city>
	<city>
		<name>重庆市</name>
		<lat>106.45000</lat>
		<lon>29.56667</lon>
	</city>
	<city>
		<name>沈阳市</name>
		<lat>123.38333</lat>
		<lon>41.80000</lon>
	</city>
	<city>
		<name>拉萨市</name>
		<lat>91.00000</lat>
		<lon>29.60000</lon>
	</city>
	<city>
		<name>乌鲁木齐市</name>
		<lat>87.68333</lat>
		<lon>43.76667</lon>
	</city>
	<city>
		<name>福州</name>
		<lat>119.300000</lat>
		<lon>26.08333</lon>
	</city>
	<city>
		<name>厦门</name>
		<lat>118.10000</lat>
		<lon>24.46667</lon>
	</city>
	<city>
		<name>青岛</name>
		<lat>120.33333</lat>
		<lon>36.06667</lon>
	</city>
	<city>
		<name>武汉</name>
		<lat>114.31667</lat>
		<lon>30.51667</lon>
	</city>
	<city>
		<name>西安</name>
		<lat>108.95000</lat>
		<lon>34.26667</lon>
	</city>
	<city>
		<name>郴州</name>
		<lat>25.46000</lat>
		<lon>34.26667</lon>
	</city>
	<city>
		<name>咸宁</name>
		<lat>29.536000</lat>
		<lon>114.17000</lon>
	</city>
	<city>
		<name>长沙</name>
		<lat>113.00000</lat>
		<lon>28.21667</lon>
	</city>
</result>
